Country Name,Country Code,2021 [YR2021] - Gini index [SI.POV.GINI],2021 [YR2021] - GDP per capita (current US$) [NY.GDP.PCAP.CD],"2021 [YR2021] - Literacy rate, adult total (% of people ages 15 and above) [SE.ADT.LITR.ZS]","2021 [YR2021] - Life expectancy at birth, total (years) [SP.DYN.LE00.IN]","2021 [YR2021] - Inflation, consumer prices (annual %) [FP.CPI.TOTL.ZG]",2021 [YR2021] - Individuals using the Internet (% of population) [IT.NET.USER.ZS],"2021 [YR2021] - Unemployment, total (% of total labor force) (modeled ILO estimate) [SL.UEM.TOTL.ZS]",2021 [YR2021] - Population density (people per sq. km of land area) [EN.POP.DNST],2021 [YR2021] - Urban population (% of total population) [SP.URB.TOTL.IN.ZS],2021 [YR2021] - Population growth (annual %) [SP.POP.GROW],"2021 [YR2021] - Current education expenditure, total (% of total expenditure in public institutions) [SE.XPD.CTOT.ZS]",2021 [YR2021] - Trade (% of GDP) [NE.TRD.GNFS.ZS]
Afghanistan,AFG,..,356.496214115892,37.2700004577637,60.417,5.13320340824962,16.51429939,12.006,61.3286907992579,25.3478620272481,2.35609779179185,..,51.4117163747271
Albania,ALB,..,7242.45513146613,..,76.844,2.04147163139544,79.32371752,11.474,90.8672262773723,57.5077187031778,-1.54312080996395,91.5721435546875,75.5904040905009
Algeria,DZA,..,4160.55926736925,..,75.208,7.22606307415477,72.21240234,13.656,18.7934447084904,73.6199218261573,1.61936460233826,..,46.8370592599607
American Samoa,ASM,..,15236.1604875571,..,72.708,..,..,..,246.125,82.2127091544092,-1.0829920166826,..,136.8
Andorra,AND,..,42425.7066454357,..,82.331,..,93.89749908,..,166.731914893617,88.6627318165299,1.26362889534188,..,..
Angola,AGO,..,2303.90812662776,..,62.958,25.754294884189,34.55649948,15.799,27.6990687414775,68.2524163556969,3.18132259995095,..,61.5262136695806
Antigua and Barbuda,ATG,..,17348.6006987182,..,77.197,2.06299638545334,71.64530182,..,209.884090909091,24.574983819566,0.546161676855974,..,101.074960584779
Argentina,ARG,42.4,10738.0179223384,..,73.948,48.4093786255199,87.15070683,8.736,16.5573305708721,92.0292776175651,0.265879395046274,95.9001770019531,33.078689567466
Armenia,ARM,27.9,4685.17997128509,..,72.2780487804878,7.1848362944337,78.61225758,15.469,105.056940272915,65.3572875314441,0.0270096898904032,95.3711700439453,79.2489057647112
Aruba,ABW,..,26749.3296093118,..,73.655,..,..,..,598.333333333333,61.9275339886843,-0.82021108315363,..,139.917797708768
Australia,AUS,..,60758.9044397144,..,83.3,2.86391284709318,96.97219849,5.022,3.33922844714392,87.2353407632761,0.14089508329287,..,40.2022359390595
Austria,AUT,30.7,53648.6437976214,..,81.190243902439,2.7666666666667,92.52915104,6.459,108.528805138148,68.773601700253,0.435671684056384,92.7644729614258,111.032932124165
Azerbaijan,AZE,..,5408.04535175023,..,70.999,6.65029912708778,85.99998954,6.04,122.658802177858,58.3659969744818,0.441197735816311,90.4439010620117,76.286865687015
"Bahamas, The",BHS,..,30367.8605757708,..,70.752,2.90491262928478,92.34980011,11.078,39.5977022977023,81.4784235345083,0.128749531818761,..,65.9325413308964
Bahrain,BHR,..,27147.8083882286,..,78.083,-0.60631938514085,100,1.548,1904.25949367089,100,2.16102845934147,..,153.799316485108
Bangladesh,BGD,..,2482.84917843357,76.3600006103516,71.103,5.54565430773473,38.91744466,5.457,1287.99918568026,31.3992156886061,0.814977993693211,..,27.7240047036631
Barbados,BRB,..,21079.6145271791,..,76.58,..,69.4756012,11.015,656.155813953488,59.3220365433819,0.159263661079578,96.8052520751953,..
Belarus,BLR,..,7489.71894713888,..,72.0714634146342,9.46028389623105,86.88841196,3.9,45.8368317319537,78.131086803694,-0.82823272086807,90.814826965332,136.014167877476
Belgium,BEL,26.6,51658.238294958,..,81.790243902439,2.44024851144084,92.78867618,6.248,379.949990161999,87.4305564090635,0.411601996532257,95.2352981567383,177.381892440073
Belize,BLZ,..,6142.98930557031,..,70.917,3.2356365923707,70.65370178,10.302,17.3321350284963,42.3910809205294,1.1534704907648,..,98.9824369429997
Benin,BEN,34.4,1318.65158075198,43.8300018310547,59.61,1.73353962694035,28.20470047,1.833,118.955454061724,50.1961807561354,2.59230167510348,..,48.0548608324409
Bermuda,BMU,..,112765.08167306,..,81.745,..,..,..,1197.18518518519,100,0.412307799470137,..,71.4081698076429
Bhutan,BTN,..,3570.61257980872,..,72.448,7.3468144053353,85.63688389,4.803,20.3314630309386,40.3075199874379,0.703488233671584,..,77.5824482709826
Bolivia,BOL,40.9,4010.76053686204,..,61.427,0.737383721452274,65.9773785,5.089,11.0194405981723,70.3450412826165,1.01931284088344,95.7545166015625,47.6670843158984
Bosnia and Herzegovina,BIH,30.3,7295.34378682258,..,74.567,1.98163900587622,75.67620138,14.897,63.37708984375,50.4899479477034,-1.66384860150923,97.573371887207,96.7391144408744
Botswana,BWA,..,7807.88794570471,..,63.303,7.24097765588442,54.70069885,23.106,4.23736347114146,66.5182767068255,1.49130106425067,..,88.7587495865805
Brazil,BRA,52.9,7972.53696080695,94.7726170886975,73.038,8.30165975585673,80.68989314,13.158,25.0714027283582,87.1360781715439,0.425360907216456,94.9770431518555,37.6563307592575
British Virgin Islands,VGB,..,..,..,75.297,..,..,..,252.06,53.972618684518,1.79872484022046,..,..
Brunei Darussalam,BRN,..,31006.9636289785,..,74.869,1.73341388450593,97.62879944,4.905,85.715559772296,74.7667316936175,0.96027430523198,..,147.123112375318
Bulgaria,BGR,39,12966.1457543396,..,71.2121951219512,3.29774435299506,75.27144583,5.166,59.9419767870302,73.346765618041,-0.664652622488209,94.1771926879883,121.214088263823
Burkina Faso,BFA,37.4,895.535288442991,36.9700012207031,60.046,3.65326761825508,18.1522007,4.511,80.3919700292398,26.8114307743017,2.37649218888363,..,62.4203586607795
Burundi,BDI,..,264.980379269655,..,62.101,8.4045384507634,6.777999878,1.118,504.886331775701,21.1108861865354,2.72425539520386,..,..
Cabo Verde,CPV,..,3971.44409203423,..,74.424,1.86215256793885,70.28250122,13.932,128.200744416873,74.1607930892827,0.38203217521266,..,77.4550586265341
Cambodia,KHM,..,2167.40324198499,71.9300003051758,69.301,2.92073477592949,60.76269913,0.396,96.160803308407,40.1091858128847,1.47677836241244,..,146.179846509715
Cameroon,CMR,42.2,1672.32657340872,..,61.146,2.27185762503637,38.89260101,3.976,56.9392608576083,54.5548664463635,2.65496076580698,..,36.7308347188558
Canada,CAN,31.1,52886.6616372703,..,81.4514634146342,3.39519318527527,93.93710327,7.527,4.351026204103,82.1779279079275,0.553902422386893,91.4880065917969,62.2468367159421
Cayman Islands,CYM,..,86449.6749037302,..,79.3,..,..,..,292.116666666667,100,2.05206347593734,58.4302711486816,..
Central African Republic,CAF,43,492.263142830507,..,40.279,4.25936417542868,..,6.701,8.20588140871296,42.8547782897949,1.68608971248183,..,44.159119995104
Chad,TCD,..,946.358500208374,..,53.136,-0.77284437035914,9.653699875,1.53,14.1584124841169,25.2312246423075,3.44423869357111,..,43.9465041015895
Channel Islands,CHI,..,66915.3963925722,..,80.3,..,..,6.643,842.126262626263,32.8148141071941,0.30392604241618,..,..
Chile,CHL,..,16206.8325493421,..,78.876,4.52456838259143,90.23280334,9.281,26.192118041714,88.4660511664452,0.441498091207504,94.5388870239258,64.8774063237834
China,CHN,35.7,12887.4357242941,..,78.117,0.981015135544881,73.05323517,4.55,150.439753691066,64.721076965332,0.0892522000412526,..,36.5206911762676
Colombia,COL,55.1,6222.62164397614,95.6606500324449,72.698,3.49505757399448,73.02837449,13.898,46.1362532672375,77.8339570326128,1.09642825395961,..,40.0591463936128
Comoros,COM,..,1554.97289190153,75.6201980162165,65.201,-0.00441793682346988,30.68120003,4.394,439.642127888232,32.4124444313246,1.97631988078353,..,42.0677236368446
"Congo, Dem. Rep.",COD,..,595.743074403567,..,60.044,..,16.1595993,5.289,43.7347795593392,43.6290681792218,3.23790848096045,..,75.3870523860732
"Congo, Rep.",COG,..,2516.16255145432,..,64.192,1.7156427545126,30.02739906,21.998,17.2538301610542,63.6179125824196,2.39414288318435,..,85.5462031552188
Costa Rica,CRI,48.7,12838.1185358931,..,78.05,1.72647755109241,82.74901607,15.139,99.0988640814728,77.9868940200009,0.508564932290693,97.0871124267578,70.7816423027085
Cote d'Ivoire,CIV,35.3,2455.98127641148,50,60.29,4.15919657911797,35.95069885,2.623,93.2067169811321,52.3183461956059,2.47398737434864,95.2014617919922,45.1140327762435
Croatia,HRV,28.9,17788.7865816658,..,76.4243902439025,2.55450699642041,81.25396608,7.483,69.3170300214439,56.7683502560171,-0.904000889163613,94.4483337402344,102.328697150799
Cuba,CUB,..,..,..,73.201,..,67.64354869,2.11,107.149980732177,77.0987701416016,-0.486006262271645,..,80.0237703083904
Curacao,CUW,..,17795.5826616182,..,75.686,..,..,..,346.72972972973,91.391865832772,-0.991508623687595,..,..
Cyprus,CYP,31.3,32937.83984375,..,80.573,2.44608867175474,90.75951564,7.513,142.565909090909,66.6718365394971,1.1499785451605,96.5593414306641,176.82773681987
Czechia,CZE,26.2,27696.4619527544,..,77.2219512195122,3.83984491500146,82.67062427,2.803,136.108349053848,72.6810594374316,-1.81187141002542,90.0114669799805,137.378116302868
Denmark,DNK,28.3,69340.7334922138,..,81.4048780487805,1.85304543989689,98.8658506,5.065,146.418325,88.2616449318149,0.433414489409722,93.2840194702148,112.321472697291
Djibouti,DJI,..,3025.91126413549,..,63.83,1.18086783934059,61.41120148,27.628,48.3713546160483,72.2882954556515,1.44268944208775,..,263.477728733891
Dominica,DMA,..,8376.40414141113,..,69.832,2.22891330700343,78.07949829,..,89.6026666666667,72.2613620044042,-0.550548598917183,..,..
Dominican Republic,DOM,38.5,8527.0754858205,93.7309714425844,71.757,8.24300347981809,85.24298638,7.702,230.786990834893,72.9243347395035,1.04082961778304,..,51.9500227303115
Ecuador,ECU,45.8,6061.32350181711,94.4800033569336,72.746,0.133251386096389,69.1147995,4.504,71.1968674504751,63.0871268249117,0.774314023514489,96.6617431640625,53.261275610573
"Egypt, Arab Rep.",EGY,28.5,3827.35415374308,82.0803858167894,68.976,5.21404940513042,72.05599976,7.441,111.464169973379,42.5686062621468,1.4908053906311,..,29.8569734808122
El Salvador,SLV,39,4642.60743101342,89.0586486323527,69.941,3.46692585313082,57.26380157,4.327,301.919980694981,73.6838531494141,0.338002420196154,78.255859375,81.8450759800765
Equatorial Guinea,GNQ,..,6945.63069794539,..,62.447,-0.0971007664640198,58.71730042,8.821,62.7018181818182,70.6431215020592,2.43551071649529,..,76.9666485998527
Eritrea,ERI,..,..,..,66.94,..,..,6.489,27.6467466920618,34.9871139526367,1.77411588481268,..,..
Estonia,EST,31.8,27951.1659277744,..,76.9439024390244,4.65316673847472,90.97970174,6.178,31.1329122807018,70.1777274135822,0.105996956310127,88.1552124023438,160.471922305927
Eswatini,SWZ,..,3984.00229174306,..,58.228,..,53.99530029,34.153,70.1507558139535,25.0156180525173,1.15567266949473,..,89.9313874866569
Ethiopia,ETH,31.1,893.00983544905,54.8853699463392,65.33,26.8395221557722,16.6981031,3.935,108.230378298522,22.1067085266113,2.67249538803955,..,24.3450574647644
Faroe Islands,FRO,..,69415.1853254579,..,82.6763219512195,..,..,..,38.9021897810219,38.8083763122559,1.38107824235297,..,103.488037146112
Fiji,FJI,..,4536.73312110335,..,64.904,1.53454853751591,70.56800079,5.225,50.1757525998905,57.6618364761928,0.190863715994045,..,..
Finland,FIN,27.7,53099.1351400148,..,81.8853658536585,2.19457432340007,92.80806082,7.617,18.2301659134121,73.3710215780329,0.207288594407348,89.7948913574219,79.7892781913782
France,FRA,31.5,43725.0999521245,..,82.3243902439024,1.64233141038393,86.09548575,7.871,125.879601076167,78.7364603392338,0.356902332389048,91.2592086791992,63.788482630872
French Polynesia,PYF,..,21426.3854449835,..,79.571,..,..,12.558,80.6084701815039,61.7399813226008,0.208586464560115,..,52.9788183937695
Gabon,GAB,..,8181.40914134656,88.8600006103516,67.072,1.0869074651941,65.76809692,21.223,9.22389878526798,90.7881967286967,2.30612435799096,..,85.3483122054007
"Gambia, The",GMB,..,781.890925169531,51.6399993896484,63.847,7.37034758876618,41.67309952,6.213,254.546442687747,62.7550706637859,2.36774778418782,..,42.0979827971754
Georgia,GEO,34.2,5083.60695484577,99.9180842054209,71.635,9.56691433824769,76.4427093,11.785,64.8834808775675,59.4293560618005,-0.379636607027231,..,101.60090754891
Germany,DEU,33.6,52349.2459994422,..,80.790243902439,3.06666666666673,91.43060973,3.594,238.118085806692,81.6325870653934,0.0423270572552137,90.5738906860352,79.9195348609851
Ghana,GHA,..,2445.18662529344,76.4899978637695,64.286,9.9710886750444,68.6,3.2,142.918455784436,56.6952556826536,1.95904584379494,..,62.7078309128346
Gibraltar,GIB,..,..,..,80.274,..,..,..,3685.8,100,1.87597072209458,..,..
Greece,GRC,32.9,20654.7001960815,..,80.0829268292683,1.22382501019854,78.49426371,14.656,81.9953995345229,78.3884898647442,-1.21680248998544,..,88.0126654490379
Greenland,GRL,..,58135.9939910203,..,71.2614634146342,..,..,..,0.138026556218784,87.5452017613678,0.506106194434674,..,83.6838572277142
Grenada,GRD,..,9617.28902905373,..,74.522,1.21951193916838,67.02279663,..,343.2,36.2831603706908,0.297817230024271,..,..
Guam,GUM,..,38074.8793745801,..,75.434,..,..,6,303.203703703704,94.0884327694075,0.964756108149453,..,61.8383060635226
Guatemala,GTM,..,4912.62240414681,..,67.858,4.26105127422813,50.84164945,2.174,164.227790220231,54.9047071553758,1.3807587059317,96.4764862060547,49.2611494576228
Guinea,GIN,..,1244.96550477914,..,59.373,12.5972882566934,28.61330032,5.815,55.7973018069347,36.8502178436256,2.50610419423246,..,115.195532789356
Guinea-Bissau,GNB,33.4,926.780921081233,..,61.653,2.24248879577658,23.3519001,3.016,73.2162517780939,44.7334136962891,2.23903878745423,..,44.8094556831993
Guyana,GUY,..,9860.87014834386,..,64.323,5.03285574626702,71.65090179,14.576,3.86228095102775,26.443303961947,0.985982406099209,..,..
Haiti,HTI,..,1841.33189337222,..,62.613,16.8415240198785,43.37919998,15.296,412.720827285922,53.2460637918026,1.15604339382525,..,37.0465594645645
Honduras,HND,..,2735.14751503977,..,69.492,4.48087963413445,51.95159912,8.506,91.9642237912235,57.3550236357547,1.66825063176954,..,103.372643459918
"Hong Kong SAR, China",HKG,..,49770.5642374739,..,85.5326829268293,1.56875834445922,93.08715788,5.174,7060.09523809524,100,-0.91177674914823,..,402.459681454463
Hungary,HUN,..,19030.628130329,..,74.0658536585366,5.11096534382855,88.64083466,4.021,105.532895025203,70.2059275331413,-0.409163639262836,91.0576629638672,159.187527332834
Iceland,ISL,..,70425.4064277273,..,83.1658536585366,4.44423970189739,99.68701957,6.029,3.69453535654071,94.2108206403841,1.6393166402584,94.8669891357422,76.2317249850944
India,IND,..,2239.61384367482,76.0596617430205,67.282,5.13140747176369,49.2580986,6.38,475.652042419085,34.4425517181304,0.822648220128724,..,45.4230887840446
Indonesia,IDN,35.5,4287.17313995098,..,67.452,1.56007882983334,62.10447842,3.827,146.235107708626,56.8761702464027,0.704601321926319,..,40.2047582749671
"Iran, Islamic Rep.",IRN,35.5,4605.14881318992,88.4555944977134,73.752,43.3890162681514,78.5957366,9.282,54.518020338983,75.9926376342773,0.831029236943935,..,42.672379536261
Iraq,IRQ,..,4868.49431080783,84.0648941705243,70.704,6.04186489058044,65.00219727,16.173,99.2127035680556,69.8682708740234,2.24127347113109,..,61.5032683117218
Ireland,IRL,29.4,103783.446284479,..,82.2536585365854,2.34034113447044,93.50610352,6.357,74.1847147626651,63.6774229356985,1.39579966615221,100,231.032350863586
Isle of Man,IMN,..,94299.969348965,..,80.42,..,..,..,147.554385964912,52.1999559660634,0.0499494569462143,..,..
Israel,ISR,37.9,52270.9040241956,..,82.5,1.47965474722561,90.29689758,4.812,433.059149722736,91.5353517549466,1.68190551747412,90.1784362792969,54.9016842006986
Italy,ITA,34.8,36852.5425414951,..,82.6463414634146,1.87378325762481,74.8623274,9.497,199.965416259464,69.4812507629394,-0.515599998844444,94.8423385620117,60.3019776202798
Jamaica,JAM,39.9,5625.67806271236,..,69.085,5.86278242801063,82.36071561,5.188,262.020498614958,57.5411017937226,0.244971341124232,98.6511535644531,..
Japan,JPN,..,40094.5599795288,..,84.4456097560976,-0.233352779398264,82.91407928,2.808,344.80546776406,91.8741049279527,-0.459952415807642,87.3879928588867,36.7384462280698
Jordan,JOR,..,4183.49998326866,..,74.204,1.34609377243118,85.999997,19.837,124.629547041467,92.117972910453,1.83419162693059,88.0293579101562,80.3328699444404
Kazakhstan,KAZ,29.2,9983.60103576902,..,70.131,8.04147134028401,90.9239507,5.568,7.31325813979331,61.030254280267,1.33325722721198,..,58.6686085779207
Kenya,KEN,38.7,2061.35622089594,..,61.225,6.10793603659176,26.96290016,5.693,91.6187594501618,31.2879334021971,1.90040858948898,..,35.0020477795269
Kiribati,KIR,..,2222.04819501897,..,64.148,2.05361676773907,67.08760071,..,158.49012345679,59.6364645301985,1.79039347594032,..,74.5005430117832
"Korea, Dem. People's Rep.",PRK,..,..,..,73.437,..,..,3.692,217.860094676522,62.926560562457,0.36747843663433,..,..
"Korea, Rep.",KOR,32.9,37518.4635305697,..,83.5268292682927,2.49833333333339,97.57132698,3.639,530.425604508197,81.1616526507785,-0.128757315474928,83.2123794555664,75.3063047610912
Kosovo,XKX,49.4,5270.43236861018,..,74.981,3.35369139207997,..,..,..,46.4995789423362,-0.227725943787301,..,98.6384304855253
Kuwait,KWT,..,34018.6342592913,..,78.7365853658537,3.42362947609188,99.7,2.97,244.717452300786,100,-0.899478872255975,..,82.0019394603961
Kyrgyz Republic,KGZ,28.8,1349.99730650542,..,71.9,11.9050398185147,77.11769867,5.149,35.7206673618352,34.7521210171204,1.83581016918265,90.9136810302734,100.261376861569
Lao PDR,LAO,..,2526.05105018529,..,67.807,3.75562036658877,62,2.08,32.2928682842288,37.338778268357,1.44141640887407,..,..
Latvia,LVA,34.3,20261.8887788916,..,72.9804878048781,3.27582937431165,91.17964988,7.513,30.2826610959344,68.1808791463693,-0.843294678005026,88.3559875488281,136.796615414819
Lebanon,LBN,..,4045.37391066234,..,73.65,154.756096023393,82.65599823,12.715,558.956207233627,89.965362045441,0.275364167930295,..,78.8286204025241
Lesotho,LSO,..,1066.58645143823,..,54.209,6.04774591950676,45.05670166,18.214,74.4908432147563,40.6551760851997,1.14804266920884,..,139.186479465407
Liberia,LBR,..,667.96610514319,..,61.166,7.81559385858648,26.38229942,3.844,54.60260589701,53.9224618859098,2.11098738475006,..,..
Libya,LBY,..,4935.82787349801,..,72.062,2.86833027751019,77.438797,19.779,4.05513656978528,87.8365018271835,1.26619979488109,..,164.284069967105
Liechtenstein,LIE,..,201944.830335076,..,84.4024390243902,..,95.56939697,..,244.8875,14.6989159370696,0.719750043098349,..,..
Lithuania,LTU,36.7,23870.4594851722,..,74.0365853658537,4.68354420903453,86.93054425,7.112,44.8551349624661,68.1912117004395,-0.070798680741267,92.7231674194336,154.80672767597
Luxembourg,LUX,32.7,134965.815442152,..,82.5975609756098,2.52692009066166,98.66086333,5.571,248.62068161867,94.5861743396533,1.51834936706612,89.0982666015625,397.506180867971
"Macao SAR, China",MAC,..,44884.8961602393,..,83.7292682926829,0.0264543647055504,88.46810492,2.221,20681.8181818182,100,-0.424008238139362,88.8385696411133,171.31597082054
Madagascar,MDG,36.8,483.469463351195,74.6900024414062,62.516,5.81225118787715,13.74590015,3.498,51.0331436919904,31.1137123216036,2.51537360931706,..,55.2158585927485
Malawi,MWI,..,617.446994451007,..,64.782,9.33014410835212,15.30300045,5.652,212.635320322444,16.4881925800694,2.59415828794597,..,44.5957618170542
Malaysia,MYS,40.7,10903.1037480772,..,73.917,2.47710241465447,96.7514278,4.64,104.344541165728,75.5088628191907,1.15251304394292,94.4077072143555,134.035994690727
Maldives,MDV,..,10176.143882547,..,78.052,0.543149688737013,81.95760345,5.016,1720.51333333333,40.7398648710483,2.75700187362712,..,142.607296696261
Mali,MLI,35.7,1027.27345365357,..,59.116,3.92560283104277,33.95650101,4.006,18.348478515641,29.7049638253978,3.06035796580474,97.9596099853516,56.7150525565465
Malta,MLT,31.6,38096.8360735119,..,82.2585365853659,1.49789217934724,87.46977742,3.754,1619.21875,95.5145343617045,0.51468710034629,88.6168212890625,220.165634087757
Marshall Islands,MHL,..,6315.31279603534,95.7629302411191,65.421,..,63.97259903,..,229.816666666667,77.6163157431143,-3.18559640580083,..,120.056180461081
Mauritania,MRT,..,1947.78918383313,..,66.762,3.56516484650185,35.63660049,11.131,4.59384301930727,57.901535141641,2.88703345850902,..,88.3068737571235
Mauritius,MUS,..,9177.71195973013,92.9800213334339,73.680243902439,4.02852888157376,71.59999847,7.719,634.118177265899,39.077147315722,0.0252729878913446,..,135.19300461461
Mexico,MEX,..,10314.0506722115,95.6890981310362,69.75,5.68920847683753,75.62650476,4.019,65.664316469045,78.9324007418057,0.66740537533078,97.7550430297852,83.0692976357895
"Micronesia, Fed. Sts.",FSM,..,3508.22314197664,..,66.152,3.19128406597466,..,..,159.462857142857,22.3928762855411,0.636292251926478,..,87.3335905673594
Moldova,MDA,25.7,5274.60582195352,..,68.991,5.10641129002835,74.91899872,0.794,90.3612977338393,41.8115425109863,-1.50342952349937,90.4945220947266,88.4708865399267
Monaco,MCO,..,223823.363960226,..,85.113,..,99.07759857,..,18487.0441458733,100,1.24582098923186,57.805549621582,..
Mongolia,MNG,..,4517.61578018785,99.2143568969301,71.6451219512195,7.35894657888155,81.60682285,7.871,2.17253662423347,69.2153244018555,1.684959051396,..,119.098078437771
Montenegro,MNE,34.3,9317.15520065156,..,73.8243902439024,2.41080198403165,82.21969752,16.543,46.4723420074349,65.3266031317675,-0.245597310506825,..,105.719249175045
Morocco,MAR,..,3785.93627929688,..,73.385,1.40195883962006,88.13031937,10.551,82.8017969975353,62.3173276600289,1.00691847923959,..,75.5234171756506
Mozambique,MOZ,..,509.907829475551,..,60.268,6.40847652975692,16.35759926,5.413,40.3212187492052,34.4499259401554,2.9577768101764,..,112.078964458333
Myanmar,MMR,..,1242.7213439951,..,65.553,..,..,4.34,81.7980020531049,30.2368812529698,0.696558038955431,..,..
Namibia,NAM,..,4412.8355693052,..,60.85,3.61690530108814,60.25999832,20.931,3.41380072635402,49.0571881483796,2.95314556354467,..,83.5443030923624
Nauru,NRU,..,14979.099896799,94.6337926033357,61.331,..,80.29499817,..,585.45,100,0.565263581170869,..,110.796255319149
Nepal,NPL,..,1252.75076731986,..,68.385,4.12676744440695,40.98910141,12.241,205.61569584932,66.144235274522,1.74002411752275,..,43.0538047919129
Netherlands,NLD,25.7,60141.9880911492,..,81.309756097561,2.67572008805385,92.05298013,4.209,520.731927531928,94.6294783220315,0.523490508168757,88.4480667114258,163.154842689698
New Caledonia,NCL,..,35311.5543551452,..,77.113,..,..,11.574,15.6025164113786,67.4130776539646,0.364601116942216,..,49.0442343110991
New Zealand,NZL,..,49950.4251691316,..,82.2073170731707,3.94112060778728,91.99060059,3.776,19.3103186358285,83.8299382585905,0.240228529431089,..,48.5412477650846
Nicaragua,NIC,..,2138.38588469449,..,70.478,4.92841396948968,51.62039948,6.076,55.2163952135616,58.8592529296875,1.20325375827905,..,106.20739081994
Niger,NER,32.9,608.722439593808,..,59.542,3.8378680284051,12.45689964,0.806,19.3432857030078,17.2295936666686,3.25425239869281,..,37.0158935503713
Nigeria,NGA,..,2787.48779224428,63.1599998474121,53.455,16.9528457221608,35.50979996,5.404,239.939047179859,60.5698545383604,2.09618685225463,..,..
North Macedonia,MKD,..,7620.80296977508,..,73.2463414634146,3.23074912132928,81.873703,15.801,72.8435368754956,61.6841975628139,-1.02945804668594,..,146.721411484074
Northern Mariana Islands,MNP,..,19455.50139424,..,78.16,..,..,..,102.128260869565,91.7842137303802,-1.16183177026859,..,78.8840262582057
Norway,NOR,29.1,93072.8925119571,..,83.1634146341463,3.48388055266669,99.0000036,4.359,14.8470090866665,82.8612877226956,0.534772281874925,88.2283172607422,71.2227137759599
Oman,OMN,..,19403.4600160211,..,75.969,1.68221185876085,95.23880005,1.9,14.5409499192246,80.1239942103569,-0.489266037731458,88.7257308959961,95.9494877293305
Pakistan,PAK,..,1455.31922370186,58.8600006103516,65.773,9.49641577285205,..,6.338,310.65509677252,37.9333395514173,1.8867779716011,..,27.0304204125548
Palau,PLW,..,13009.2481630213,..,68.563,2.6124818577648,..,..,38.6586956521739,79.0890798782416,-0.0505973306648282,..,81.1478453400346
Panama,PAN,50.9,15509.8069124139,96.2119100135584,77.004,1.63070337301898,66.04270172,10.177,58.5791992450795,65.8092302689169,1.20723809203153,..,80.1334636057057
Papua New Guinea,PNG,..,2607.57861874444,..,64.358,4.48359014042398,16.55960083,3.03,22.1103564015369,14.4398342822353,1.98860312209741,..,..
Paraguay,PRY,42.9,5976.93179789949,..,68.108,4.787983101236,77.01838621,7.311,16.8240171155298,67.3058612772421,1.21078357917422,94.2482299804688,69.74227302112
Peru,PER,40.1,6826.20255614477,..,71.596,4.27166381536798,71.10782643,5.097,25.9030328125,83.9480118272361,0.961612354333265,81.9158096313477,55.427249365522
Philippines,PHL,40.7,3484.38593882819,..,66.675,3.92718022100332,66.90779877,3.398,379.317000368917,54.4504102510776,0.905660310915421,..,63.4846098136712
Poland,POL,28.5,18635.5104895754,..,75.3512195121951,5.05502704719272,85.37490906,3.268,120.815285854296,59.8096513205543,-1.4341408496549,93.4953765869141,110.874283021945
Portugal,PRT,34.6,24711.4510062111,..,81.3780487804878,1.26565719069044,82.30902804,6.712,113.113510527741,61.0951249296597,0.626850165433157,96.3452072143555,85.8735452148975
Puerto Rico (US),PRI,..,32619.0704601174,..,79.77,..,84.78666399,7.9,367.836640360767,94.0550712597302,-0.576961615031384,..,96.7453625315476
Qatar,QAT,..,71751.9363398856,..,81.083,2.30446565742003,99.65280151,0.14,218.007832898172,99.203408908243,-10.9274424335586,..,92.7790897626963
Romania,ROU,33.9,14907.9803652143,99.1600036621094,72.809756097561,5.05232876096582,83.5904265,5.59,83.1104789638387,52.2321512130811,-0.746036478523061,93.1013412475586,87.0711965460145
Russian Federation,RUS,35.1,12425.029296875,99.9300003051758,69.900243902439,6.69445891957612,88.21384578,4.749,8.83848757424343,74.7516840220252,-0.343724409889771,..,50.5861954621752
Rwanda,RWA,..,829.544845263697,..,66.85,-0.391346748300791,24.4416008,15.775,541.35630320227,26.1049092762833,2.1909353521865,64.7087478637695,54.2938318463367
Samoa,WSM,..,4021.55934894283,..,71.096,3.13320473174494,..,6.664,76.8989208633094,17.5672426452007,0.862068229419543,..,59.7697791857954
San Marino,SMR,..,54176.4798021628,..,83.539,1.61551411551421,81.66999817,..,570.866666666667,97.1035668453272,-1.50099888558244,99.4057464599609,342.470174007962
Sao Tome and Principe,STP,..,2362.58827248102,..,68.026,8.13777038378732,54.94950104,9.563,231.209375,68.1738967895508,2.06017354745306,..,..
Saudi Arabia,SAU,..,31920.7653655643,..,77.089,3.06328988941548,100,6.621,14.320382473752,83.9716349986538,-2.46456261487283,..,50.8839263398787
Senegal,SEN,36.2,1598.10676952274,..,66.868,2.18032278088147,55.04040146,3.436,89.4451098530099,52.2260292191155,2.53848919398481,92.9544677734375,69.3759939883832
Serbia,SRB,33.1,9680.52798074468,..,72.780487804878,4.08510285335102,81.16588116,9.843,81.2739445831847,61.363899230957,-0.943688169512831,97.3565673828125,112.342298324945
Seychelles,SYC,..,14982.9111487767,..,73.3975609756097,9.76909936973542,81.99530029,..,215.778260869565,44.6026796065539,0.805183391179401,..,183.77081501466
Sierra Leone,SLE,..,885.396401885395,..,60.26,11.8739588840234,18.65390015,3.551,112.144666112497,43.7345385973699,2.27463021517533,77.2283630371094,42.1435161280127
Singapore,SGP,..,80056.1288247844,97.6500015258789,83.0926829268293,2.31610315765146,96.92468156,4.64,7595.49582172702,100,-4.17033630017526,..,329.161383683762
Sint Maarten (Dutch part),SXM,..,32548.4366854902,..,74.505,..,..,..,1222.67647058824,100,1.36356391629724,..,..
Slovak Republic,SVK,24.1,22123.3342114545,..,74.6146341463415,3.14960629921268,88.92560523,6.894,113.295486688852,53.1901479870605,-0.212358807611049,94.1758575439453,181.97948448512
Slovenia,SVN,24.3,29192.8401933019,..,80.6756097560976,1.91706506089259,89.00399524,4.744,104.689964442502,55.3046289429588,0.268851969969908,92.2954864501953,161.788727511439
Solomon Islands,SLB,..,2043.44413170658,..,68.89,-0.115437894412839,26.03790092,0.879,27.2451232583065,28.6889396820578,2.40116798691356,..,67.4200567835061
"Somalia, Fed. Rep.",SOM,..,549.056994756254,..,55.703,..,23.87479973,19.662,27.5312127395033,52.9060649733324,3.65720037777736,..,79.0994411051355
South Africa,ZAF,..,6828.75624590017,90,62.01,4.61874544887136,74.96859741,34.007,50.6991261983859,63.4503925883909,1.54055743832642,96.4766082763672,56.1647136277546
South Sudan,SSD,..,..,..,57.047,10.5167158294358,..,13.95,17.1945943379805,20.4811115270532,1.55179411079181,..,..
Spain,ESP,33.9,30799.4775937775,99.6999969482422,83.1780487804878,3.09313511976419,93.89752157,14.914,94.9382927184248,79.7846242983598,0.178046695121711,94.0092010498047,66.524588943191
Sri Lanka,LKA,..,3996.96240014909,92.4300003051758,76.278,7.01478071238195,44.45308724,4.981,358.163595215002,19.8266275195269,1.07544995696428,..,41.2288463291999
St. Kitts and Nevis,KNA,..,18361.1449697886,..,69.271,1.195688870384,74.37159729,..,179.857692307692,31.5393525093972,-0.228551998925832,65.1652526855469,..
St. Lucia,LCA,..,10459.1321248092,..,69.119,2.41070312174393,63.06330109,20.514,292.659016393443,27.4443458949551,0.152478363043745,..,..
St. Martin (French part),MAF,..,21668.3776525323,..,80.206,..,..,..,599.22,100,-5.91294053455205,..,..
St. Vincent and the Grenadines,VCT,..,8641.27904024443,..,69.132,1.57272932500558,68.83339691,20.356,263.694871794872,47.4554100739049,-0.663868269423874,..,..
Sudan,SDN,..,712.122009277344,..,64.46,359.093040778999,..,11.087,25.7317580299786,34.6421563427994,2.6941220236505,..,4.12754863828426
Suriname,SUR,..,5029.84838543953,..,68.943,59.1196626251977,..,8.706,3.84963678669192,65.9853973388672,0.907003624018977,..,..
Sweden,SWE,29.8,60647.5416365347,..,83.0560975609756,2.16319736447143,94.6703163,8.803,25.5740792575133,88.1741651958315,0.600591532839468,94.2383804321289,91.1102374413042
Switzerland,CHE,33.8,93664.7736696111,..,83.7512195121951,0.581814168489855,95.56937154,5.013,220.31454103721,84.2006477608879,0.765501039496593,..,130.016261288489
Syrian Arab Republic,SYR,..,663.614245706815,94.4199981689453,72.418,..,..,14.887,117.784888090181,73.0125007629395,2.71541292038855,..,61.2204850955149
Tajikistan,TJK,32.4,896.748053372182,..,69.594,..,36.70560074,7.687,71.8128683622739,26.1991525151375,2.20738922074721,..,71.825937435383
Tanzania,TZA,..,1159.85656738281,..,66.131,3.69091958802199,22.87540054,1.876,70.9306976744186,34.3500111758619,3.00113934816488,..,29.9151840074048
Thailand,THA,34.9,7057.20754802279,..,77.606,1.23039541318384,85.26956666,1.215,140.396821233534,58.5087776184082,0.119758274714782,..,117.252944620852
Timor-Leste,TLS,..,2684.92676774277,..,66.199,3.69792094666786,35.04199982,2.344,90.7961667787492,28.7927371734472,1.80006893139932,..,99.8599994214434
Togo,TGO,37.9,962.075187515872,..,61.337,4.1862150652352,30.33839989,2.344,163.235502849789,42.3105904515122,2.37825002957617,..,56.3775580757321
Tonga,TON,27.1,4922.80171378368,..,72.13,5.64051140636751,57.549,2.111,146.513888888889,21.258003897665,-0.202657341819835,..,68.5461486002269
Trinidad and Tobago,TTO,..,17712.5674104655,..,71.111,2.05922746915458,84.36576986,4.446,266.580506822612,53.9421278853848,0.0609300519200696,93.4706573486328,..
Tunisia,TUN,33.7,3906.93926319391,83.6800003051758,72.893,5.706350208307,68.31552226,16.632,77.5529222451081,69.3997523770568,0.620790374510459,..,93.6334140664079
Turkiye,TUR,44.4,9981.76398411336,97.2600021362305,75.722,19.5964926913324,81.40843745,11.969,109.334768655068,89.1762048153239,0.910444902564511,90.3908615112305,69.6088976086437
Turkmenistan,TKM,..,5723.30227157906,..,69.353,..,..,4.458,15.0917008916222,47.0581410301711,2.02444537373143,98.4074401855469,33.0581170797482
Turks and Caicos Islands,TCA,..,27329.2885087196,..,77.234,..,..,..,47.6242105263158,93.4467025398547,1.91238576461203,..,..
Tuvalu,TUV,..,5905.08198095343,..,65.824,..,..,..,339.8,62.6098296425994,-1.99103357602457,..,..
Uganda,UGA,..,882.791717542504,79.0476540680567,66.45,2.20457204757414,10,3.416,228.959355675244,29.2362957789022,3.21773661761443,..,41.7136307424781
Ukraine,UKR,..,4775.94580078125,..,71.631,9.36313917695223,79.21829353,9.834,76.4560579910252,69.4027032653896,-0.857231073467664,96.1596374511719,82.69796136345
United Arab Emirates,ARE,..,44118.5047192771,98.129997253418,79.083,0.179935336174431,100,3.105,134.823317375387,85.3571908511355,1.83513009029147,79.4639129638672,182.909355066597
United Kingdom,GBR,32.4,47691.3768799404,..,80.6473170731707,2.51837109614213,96.19650269,4.864,276.873475798785,82.9886431523641,0.358937930235741,92.3381271362305,58.53838629291
United States,USA,39.7,70205.050916026,..,76.3292682926829,4.69785886363742,91.2684021,5.349,36.3052926398919,80.0074765140272,0.157317408951545,90.4010391235352,25.6095576621932
Uruguay,URY,40.8,17881.818721099,..,75.434,7.74791402314762,87.64440155,9.328,19.4074677179751,95.4497146606445,-0.0668956092956434,95.9268264770508,58.3150410230338
Uzbekistan,UZB,32.9,2258.51964119278,100,71.681,10.8492397508122,76.59043014,5.364,77.7112512566577,50.9269905090332,1.9382099918182,97.5522308349609,57.4589716973222
Vanuatu,VUT,..,3107.20312858002,..,69.952,2.34328358208953,..,4.776,25.0917145200984,22.2501822422475,2.31850921412366,..,59.9521259721408
"Venezuela, RB",VEN,..,2004.93397949792,..,71.536,..,74.11219788,7.027,32.0138608922397,89.1766444746891,-0.727752243229035,..,29.2263400311727
Viet Nam,VNM,..,3704.1935590038,..,74.145,1.83471554810444,74.20999985,2.383,315.653937574379,36.6540656426603,0.868883560805873,..,186.675832836814
Virgin Islands (U.S.),VIR,..,42571.0777368471,..,80.0682926829268,..,..,13.508,302.485714285714,95.1604310610968,-0.395928119020198,..,180.297315287331
West Bank and Gaza,PSE,..,3678.63565662194,97.6840000894857,73.89,1.23748102831369,..,26.39,817.05377593361,86.334956387337,2.45703865277568,97.7540588378906,73.0835496162129
"Yemen, Rep.",YEM,..,..,..,66.019,..,..,18.312,70.3453415913783,36.0704951256305,2.74426152997255,..,..
Zambia,ZMB,..,1127.16077872857,79.9494621864846,62.363,22.0207676245777,14.82190037,5.197,26.3705551594721,44.2353731410926,2.81534240626742,..,86.2085111934645
Zimbabwe,ZWE,..,2613.60542083552,..,60.135,98.5461050920624,32.5923996,9.54,40.8354917926845,37.8692058859373,1.72601114303872,..,44.1145594899855
,,,,,,,,,,,,,
,,,,,,,,,,,,,
,,,,,,,,,,,,,
Data from database: World Development Indicators,,,,,,,,,,,,,
Last Updated: 04/08/2026,,,,,,,,,,,,,
